old	new	confidence	reason	def_file
D_80B5A468	sTurningToPlayer	GUESS	set to 1 once the yaw error to the player exceeds 0x1556 and cleared when EnZl3_StepYawTowardsPlayer reports the turn finished; gates that turn in EnZl3_UpdateTurnToPlayer. Reset by EnZl3_Reset and listed in EN_ZL3_SHIP_SAVESTATE_FIELDS	soh/src/overlays/actors/ovl_En_Zl3/z_en_zl3.c
D_80B5A46C	sLimb13Offset	GUESS	the {0,0,0} vector Matrix_MultVec3f-ed at limb 13 in EnZl3_PostLimbDraw to fill this->unk_31C. Zero, so it just samples the limb matrix origin	soh/src/overlays/actors/ovl_En_Zl3/z_en_zl3.c
D_80B5A478	sZl3FocusOffset	GUESS	the {0,10,0} vector Matrix_MultVec3f-ed at limb 14 (the head) in EnZl3_PostLimbDraw to place actor.focus.pos, i.e. the point the camera and Z-target aim at	soh/src/overlays/actors/ovl_En_Zl3/z_en_zl3.c
D_80B5A484	sEyeOpenPhase	GUESS	counter stepped 0-to-4 by EnZl3_OpenEyesOnWake: eye texture 2 (shut) for the first two frames, 1 (half) for the next two, then normal blinking. A wake-up ramp, not a timer anything else reads	soh/src/overlays/actors/ovl_En_Zl3/z_en_zl3.c
D_80B5A488	sCrySfxPos	GUESS	the {0,0,0} position handed to Audio_PlaySoundRandom for the NA_SE_VO_Z1_CRY_0..1 cry, i.e. play it at the listener rather than at the actor	soh/src/overlays/actors/ovl_En_Zl3/z_en_zl3.c
D_80B5A494	sCueDelayTimer	GUESS	counts down in EnZl3_CheckDemoModeInFinal2; cue 8 arms it to 10 and when it reaches 0 the delayed EnZl3_SetupAction17 fires. Reset to -1 by EnZl3_Reset and listed in EN_ZL3_SHIP_SAVESTATE_FIELDS	soh/src/overlays/actors/ovl_En_Zl3/z_en_zl3.c
D_80B5A498	sStalfosSpawnPos0	GUESS	first of the two positions EnZl3_SpawnStalfosPair passes to EnZl3_SpawnStalfosAt for the ambush in the collapsing tower	soh/src/overlays/actors/ovl_En_Zl3/z_en_zl3.c
D_80B5A4A4	sStalfosSpawnPos1	GUESS	second of the two positions EnZl3_SpawnStalfosPair passes to EnZl3_SpawnStalfosAt for the ambush in the collapsing tower	soh/src/overlays/actors/ovl_En_Zl3/z_en_zl3.c
D_80B5A4B0	sStalfosSpawnPos2	GUESS	a third ambush position of the same shape as sStalfosSpawnPos0 and sStalfosSpawnPos1, sharing their y of 260. Unreferenced -- a cut third Stalfos	soh/src/overlays/actors/ovl_En_Zl3/z_en_zl3.c
D_80B5A4BC	sReactingToPlayerHurt	GUESS	latch in EnZl3_WaitForStalfosDefeated: set when the player takes damage (invincibilityTimer > 0) so Zelda swaps to the cowering animation, cleared when the player recovers. Reset by EnZl3_Reset and listed in EN_ZL3_SHIP_SAVESTATE_FIELDS	soh/src/overlays/actors/ovl_En_Zl3/z_en_zl3.c
func_80B533B0	EnZl3_InitCollider	HIGH	Collider_InitCylinder plus Collider_SetCylinderType1 with sCylinderInit; called from EnZl3_Init	soh/src/overlays/actors/ovl_En_Zl3/z_en_zl3.c
func_80B533FC	EnZl3_UpdateCollider	HIGH	Collider_UpdateCylinder plus CollisionCheck_SetOC each frame	soh/src/overlays/actors/ovl_En_Zl3/z_en_zl3.c
func_80B53468	EnZl3_PlayEscapeBgm	HIGH	queues NA_BGM_ESCAPE on SEQ_PLAYER_BGM_MAIN	soh/src/overlays/actors/ovl_En_Zl3/z_en_zl3.c
func_80B53488	EnZl3_FindGanon	HIGH	walks ACTORCAT_BOSS for ACTOR_BOSS_GANON2, caches it in this->ganon and returns it	soh/src/overlays/actors/ovl_En_Zl3/z_en_zl3.c
func_80B5357C	EnZl3_DropCollectible	HIGH	Item_DropCollectible of type 3 at a randomly jittered copy of the actor position	soh/src/overlays/actors/ovl_En_Zl3/z_en_zl3.c
func_80B53614	EnZl3_SpawnRiverSound	HIGH	Actor_Spawn of ACTOR_EN_RIVER_SOUND at the fixed collapse-scene coordinates	soh/src/overlays/actors/ovl_En_Zl3/z_en_zl3.c
func_80B5366C	EnZl3_UpdateBgCheckInfo	HIGH	the actor Actor_UpdateBgCheckInfo call, run from every action handler	soh/src/overlays/actors/ovl_En_Zl3/z_en_zl3.c
func_80B536B4	EnZl3_ClearGroundBgCheckFlags	GUESS	clears BGCHECKFLAG_GROUND and BGCHECKFLAG_GROUND_TOUCH (mask 0x9) from actor.bgCheckFlags	soh/src/overlays/actors/ovl_En_Zl3/z_en_zl3.c
func_80B536C4	EnZl3_ResetHeadAndTorsoRot	HIGH	Math_SmoothStepToS-es the head and torso NpcInteractInfo rotations back to zero on both axes	soh/src/overlays/actors/ovl_En_Zl3/z_en_zl3.c
func_80B53764	EnZl3_TrackPlayer	HIGH	points interactInfo.trackPos at the player and calls Npc_TrackPoint with NPC_TRACKING_HEAD_AND_TORSO	soh/src/overlays/actors/ovl_En_Zl3/z_en_zl3.c
func_80B537E8	EnZl3_StepYawTowardsPlayer	HIGH	Math_SmoothStepToS-es world.rot.y towards actor.yawTowardsPlayer with an easing step kept in unk_3D0, mirrors it into shape.rot.y, and returns the remaining error	soh/src/overlays/actors/ovl_En_Zl3/z_en_zl3.c
func_80B538B0	EnZl3_UpdateTurnToPlayer	GUESS	arms sTurningToPlayer once the yaw error exceeds 0x1556, then drives EnZl3_StepYawTowardsPlayer until it reports zero. A hysteresis wrapper so Zelda does not jitter towards small player movements	soh/src/overlays/actors/ovl_En_Zl3/z_en_zl3.c
func_80B5396C	EnZl3_GetCue	GUESS	returns unk_3C8, the cue index the two Check_DemoMode dispatchers switch on	soh/src/overlays/actors/ovl_En_Zl3/z_en_zl3.c
func_80B53974	EnZl3_SetCue	GUESS	stores the cue index read back by EnZl3_GetCue	soh/src/overlays/actors/ovl_En_Zl3/z_en_zl3.c
func_80B53980	EnZl3_StepHairYaw	HIGH	the spring driven with sp30.y in EnZl3_OverrideLimbDrawHair; integrates unk_25C/unk_28C/unk_2BC at the given hair joint. Same three-spring shape as EnZl2_StepHairYaw	soh/src/overlays/actors/ovl_En_Zl3/z_en_zl3.c
func_80B53B64	EnZl3_StepHairRoll	HIGH	the spring driven with sp30.z in EnZl3_OverrideLimbDrawHair, with per-joint rest angles and per-action animation-driven limits	soh/src/overlays/actors/ovl_En_Zl3/z_en_zl3.c
func_80B54360	EnZl3_StepHairPitch	HIGH	the spring driven with sp30.x in EnZl3_OverrideLimbDrawHair, coupling each joint to the one above it via the unk_25C index chain	soh/src/overlays/actors/ovl_En_Zl3/z_en_zl3.c
func_80B5458C	EnZl3_OverrideLimbDrawHair	HIGH	sOverrideLimbDrawFuncs[0]: at limb 14 builds the seven-matrix hair chain into segment 0x0C, running the three springs at each joint. Named Hair because EnZl3_OverrideLimbDraw is the dispatcher that calls it	soh/src/overlays/actors/ovl_En_Zl3/z_en_zl3.c
func_80B5944C	EnZl3_OverrideLimbDrawHairStill	GUESS	sOverrideLimbDrawFuncs[1]: the same seven-matrix hair chain at limb 14 as EnZl3_OverrideLimbDrawHair but with fixed offsets and no spring update, i.e. the hair frozen	soh/src/overlays/actors/ovl_En_Zl3/z_en_zl3.c
func_80B54DB4	EnZl3_GetSwitchFlagIndex	HIGH	(params >> 8) & 0xFF -- the value handed to Flags_SetSwitch/Flags_GetSwitch and compared against the per-scene spawn table	soh/src/overlays/actors/ovl_En_Zl3/z_en_zl3.c
func_80B54DC4	EnZl3_GetPathIndex	HIGH	(params >> 4) & 0xF -- the index into play->setupPathList used by EnZl3_GetPathInfo	soh/src/overlays/actors/ovl_En_Zl3/z_en_zl3.c
func_80B54DD4	EnZl3_GetType	HIGH	params & 0xF -- selects which of the three inits (inFinal, inFinal2, collapse) EnZl3_InitByType runs	soh/src/overlays/actors/ovl_En_Zl3/z_en_zl3.c
func_80B54DE0	EnZl3_SetAnimObjectSegment	HIGH	points gSegments[6] at the loaded OBJECT_ZL2_ANIME2 segment; first call of every action handler	soh/src/overlays/actors/ovl_En_Zl3/z_en_zl3.c
func_80B54E14	EnZl3_ChangeAnim	HIGH	Animation_Change wrapper choosing forward or reverse playback from arg4, exactly the EnZl2_ChangeAnim shape	soh/src/overlays/actors/ovl_En_Zl3/z_en_zl3.c
func_80B54EA4	EnZl3_SpawnEnEg	HIGH	Actor_Spawn of ACTOR_EN_EG at the actor position	soh/src/overlays/actors/ovl_En_Zl3/z_en_zl3.c
func_80B54EF4	EnZl3_PlayPainSfx	HIGH	Sfx_PlaySfxAtPos of NA_SE_VO_Z1_PAIN	soh/src/overlays/actors/ovl_En_Zl3/z_en_zl3.c
func_80B54F18	EnZl3_SpawnWarpCrystal	HIGH	spawns ACTOR_DOOR_WARP1 as a child with WARP_PURPLE_CRYSTAL, once, guarded by unk_2F8	soh/src/overlays/actors/ovl_En_Zl3/z_en_zl3.c
func_80B54FB4	EnZl3_InitInFinal	HIGH	its own debug string names it: En_Zl3_Actor_inFinal_Init. Sets action 1, draw config 1, and spawns the warp crystal	soh/src/overlays/actors/ovl_En_Zl3/z_en_zl3.c
func_80B55054	EnZl3_FadeOutWarpCrystal	GUESS	ramps the child DoorWarp1 crystalAlpha down over 19 frames, then Actor_Kills it and clears actor.child	soh/src/overlays/actors/ovl_En_Zl3/z_en_zl3.c
func_80B550F0	EnZl3_MoveWarpCrystalToSelf	GUESS	keeps the child warp actor pinned to the actor position each frame	soh/src/overlays/actors/ovl_En_Zl3/z_en_zl3.c
func_80B55144	EnZl3_OpenEyesOnWake	GUESS	steps sEyeOpenPhase 0-to-4, holding eye texture 2 (shut) then 1 (half) before handing over to EnZl3_UpdateEyes	soh/src/overlays/actors/ovl_En_Zl3/z_en_zl3.c
func_80B551E0	EnZl3_SetupAction1	HIGH	changes to gZelda2Anime2Anim_008AD0 and sets action = 1	soh/src/overlays/actors/ovl_En_Zl3/z_en_zl3.c
func_80B55220	EnZl3_SetupAction2	HIGH	changes to gZelda2Anime2Anim_0091D8, sets action = 2 and mouth 0	soh/src/overlays/actors/ovl_En_Zl3/z_en_zl3.c
func_80B55268	EnZl3_SetupAction3	HIGH	changes to gZelda2Anime2Anim_0091D8 and sets action = 3	soh/src/overlays/actors/ovl_En_Zl3/z_en_zl3.c
func_80B552A8	EnZl3_ChangeAnimOnAnimDone1	GUESS	called from EnZl3_Action3 with the EnZl3_UpdateSkelAnime result: when the action-3 animation finishes, switch to the gZelda2Anime2Anim_0099A0 follow-up	soh/src/overlays/actors/ovl_En_Zl3/z_en_zl3.c
func_80B552DC	EnZl3_SetupAction4	HIGH	changes to gZelda2Anime2Anim_00A598, plays the pain cry, sets mouth 2, action = 4, and starts the escape BGM	soh/src/overlays/actors/ovl_En_Zl3/z_en_zl3.c
func_80B55334	EnZl3_ChangeAnimOnAnimDone2	GUESS	called from EnZl3_Action4 with the EnZl3_UpdateSkelAnime result: on animation end switch to gZelda2Anime2Anim_00AACC	soh/src/overlays/actors/ovl_En_Zl3/z_en_zl3.c
func_80B55368	EnZl3_SetupAction5	HIGH	changes to gZelda2Anime2Anim_00A334, sets mouth 0 and action = 5	soh/src/overlays/actors/ovl_En_Zl3/z_en_zl3.c
func_80B553B4	EnZl3_ChangeAnimOnAnimDone3	GUESS	called from EnZl3_Action5 with the EnZl3_UpdateSkelAnime result: on animation end switch to gZelda2Anime2Anim_009FBC	soh/src/overlays/actors/ovl_En_Zl3/z_en_zl3.c
func_80B553E8	EnZl3_StartEscape	GUESS	the cue-7 branch of EnZl3_CheckDemoModeInFinal; forwards to EnZl3_StartCollapseEscape which sets the switch, the sub-timer and action 27	soh/src/overlays/actors/ovl_En_Zl3/z_en_zl3.c
func_80B55408	EnZl3_KillSelfAndChild	HIGH	Actor_Kills the child warp actor if present and then the actor itself	soh/src/overlays/actors/ovl_En_Zl3/z_en_zl3.c
func_80B55444	EnZl3_CheckDemoModeInFinal	HIGH	its own debug string names it: En_Zl3_inFinal_Check_DemoMode. Dispatches the cue index to the action-1..5 setups	soh/src/overlays/actors/ovl_En_Zl3/z_en_zl3.c
func_80B55550	EnZl3_Action1	HIGH	sActionFuncs[1]	soh/src/overlays/actors/ovl_En_Zl3/z_en_zl3.c
func_80B555A4	EnZl3_Action2	HIGH	sActionFuncs[2]	soh/src/overlays/actors/ovl_En_Zl3/z_en_zl3.c
func_80B55604	EnZl3_Action3	HIGH	sActionFuncs[3]	soh/src/overlays/actors/ovl_En_Zl3/z_en_zl3.c
func_80B5566C	EnZl3_Action4	HIGH	sActionFuncs[4]	soh/src/overlays/actors/ovl_En_Zl3/z_en_zl3.c
func_80B556CC	EnZl3_Action5	HIGH	sActionFuncs[5]	soh/src/overlays/actors/ovl_En_Zl3/z_en_zl3.c
func_80B5572C	EnZl3_Action6	HIGH	sActionFuncs[6]	soh/src/overlays/actors/ovl_En_Zl3/z_en_zl3.c
func_80B55780	EnZl3_InitInFinal2	HIGH	its own debug string names it: En_Zl3_Actor_inFinal2_Init. Sets action 7, draw config 1, mouth 1 and drops ACTOR_FLAG_ATTENTION_ENABLED	soh/src/overlays/actors/ovl_En_Zl3/z_en_zl3.c
func_80B55808	EnZl3_PlayPainSfx2	HIGH	a second Sfx_PlaySfxAtPos of NA_SE_VO_Z1_PAIN, identical to EnZl3_PlayPainSfx but called from the inFinal2 setups	soh/src/overlays/actors/ovl_En_Zl3/z_en_zl3.c
func_80B5582C	EnZl3_PlayCrySfx	HIGH	Audio_PlaySoundRandom across the NA_SE_VO_Z1_CRY_0..NA_SE_VO_Z1_CRY_1 range	soh/src/overlays/actors/ovl_En_Zl3/z_en_zl3.c
func_80B5585C	EnZl3_PlayPainSfxOnFrame4	HIGH	plays NA_SE_VO_Z1_PAIN when the once-through animation reaches frame 4	soh/src/overlays/actors/ovl_En_Zl3/z_en_zl3.c
func_80B558A8	EnZl3_SetLungeTarget	GUESS	records the current position in unk_32C and computes the destination unk_338 a fixed short distance ahead in the facing direction; the pair EnZl3_LerpToLungeTarget interpolates between	soh/src/overlays/actors/ovl_En_Zl3/z_en_zl3.c
func_80B559C4	EnZl3_LerpToLungeTarget	GUESS	Environment_LerpWeightAccelDecel over the gZelda2Anime2Anim_005248 length, moving x and z from unk_32C to unk_338	soh/src/overlays/actors/ovl_En_Zl3/z_en_zl3.c
func_80B55A58	EnZl3_StepYawTowardsPlayerIfMainCam	GUESS	runs EnZl3_StepYawTowardsPlayer only while play->activeCamera is CAM_ID_MAIN, i.e. not during a one-point cutscene	soh/src/overlays/actors/ovl_En_Zl3/z_en_zl3.c
func_80B55A84	EnZl3_SetupAction7	HIGH	changes to gZelda2Anime2Anim_005A0C and sets action = 7	soh/src/overlays/actors/ovl_En_Zl3/z_en_zl3.c
func_80B55AC4	EnZl3_SetupAction8	HIGH	changes to gZelda2Anime2Anim_00499C and sets action = 8	soh/src/overlays/actors/ovl_En_Zl3/z_en_zl3.c
func_80B55B04	EnZl3_ChangeAnimOnAnimDone4	GUESS	called from EnZl3_Action8 with the EnZl3_UpdateSkelAnime result: on animation end switch to gZelda2Anime2Anim_004408	soh/src/overlays/actors/ovl_En_Zl3/z_en_zl3.c
func_80B55B38	EnZl3_SetupAction9	HIGH	changes to gZelda2Anime2Anim_006508 and sets action = 9	soh/src/overlays/actors/ovl_En_Zl3/z_en_zl3.c
func_80B55B78	EnZl3_ChangeAnimOnAnimDone5	GUESS	called from EnZl3_Action9 with the EnZl3_UpdateSkelAnime result: on animation end switch to gZelda2Anime2Anim_0061C4	soh/src/overlays/actors/ovl_En_Zl3/z_en_zl3.c
func_80B55BAC	EnZl3_SetupAction10	HIGH	changes to gZelda2Anime2Anim_005248, sets the lunge target, plays the pain cry, mouth 2 and action = 10	soh/src/overlays/actors/ovl_En_Zl3/z_en_zl3.c
func_80B55C0C	EnZl3_SetupAction11	HIGH	changes to gZelda2Anime2Anim_0054E0 and sets action = 11	soh/src/overlays/actors/ovl_En_Zl3/z_en_zl3.c
func_80B55C4C	EnZl3_SetupAction11OnAnimDone	GUESS	called from EnZl3_Action10 with the EnZl3_UpdateSkelAnime result: runs EnZl3_SetupAction11 once the animation finishes	soh/src/overlays/actors/ovl_En_Zl3/z_en_zl3.c
func_80B55C70	EnZl3_SetupAction12	HIGH	changes to gZelda2Anime2Anim_008684, sets action = 12 and drops the attention/friendly flags	soh/src/overlays/actors/ovl_En_Zl3/z_en_zl3.c
func_80B55CCC	EnZl3_ChangeAnimOnAnimDone6	GUESS	called from EnZl3_Action11 with the EnZl3_UpdateSkelAnime result: on animation end switch to gZelda2Anime2Anim_006F04	soh/src/overlays/actors/ovl_En_Zl3/z_en_zl3.c
func_80B55D00	EnZl3_OfferTalkInFinal2	GUESS	the action-12 body: Actor_ProcessTalkRequest moves to action 13, otherwise it offers the 0x70D5 textbox while the player is within 0x4300 of the facing direction	soh/src/overlays/actors/ovl_En_Zl3/z_en_zl3.c
func_80B55DB0	EnZl3_ReturnToAction12OnTextEnd	GUESS	on TEXT_STATE_CLOSING drops the attention flags and returns to action 12	soh/src/overlays/actors/ovl_En_Zl3/z_en_zl3.c
func_80B55E08	EnZl3_SetupAction14	HIGH	changes to gZelda2Anime2Anim_006AB0 and sets action = 14	soh/src/overlays/actors/ovl_En_Zl3/z_en_zl3.c
func_80B55E48	EnZl3_ChangeAnimOnAnimDone7	GUESS	called from EnZl3_Action13 with the EnZl3_UpdateSkelAnime result: on animation end switch to gZelda2Anime2Anim_008050	soh/src/overlays/actors/ovl_En_Zl3/z_en_zl3.c
func_80B55E7C	EnZl3_SetupAction15	HIGH	changes to gZelda2Anime2Anim_007A78 and sets action = 15	soh/src/overlays/actors/ovl_En_Zl3/z_en_zl3.c
func_80B55EBC	EnZl3_ChangeAnimOnAnimDone8	GUESS	called from EnZl3_Action14 with the EnZl3_UpdateSkelAnime result: on animation end switch to gZelda2Anime2Anim_007C84	soh/src/overlays/actors/ovl_En_Zl3/z_en_zl3.c
func_80B55EF0	EnZl3_SetupAction16	HIGH	changes to gZelda2Anime2Anim_0082F8, sets action = 16 and mouth 0	soh/src/overlays/actors/ovl_En_Zl3/z_en_zl3.c
func_80B55F38	EnZl3_ChangeAnimOnAnimDone9	GUESS	called from EnZl3_Action15 and EnZl3_Action18 with the EnZl3_UpdateSkelAnime result: on animation end switch to gZelda2Anime2Anim_003FF8	soh/src/overlays/actors/ovl_En_Zl3/z_en_zl3.c
func_80B55F6C	EnZl3_OfferTalkNearGanon	GUESS	the action-16 body: offers the 0x7059 textbox only while EnZl3_FindGanon reports Ganon below a size threshold, and moves to action 0x12 when the player talks	soh/src/overlays/actors/ovl_En_Zl3/z_en_zl3.c
func_80B5604C	EnZl3_SetupAction17	HIGH	changes to gZelda2Anime2Anim_007664, sets action = 17 and plays the cry	soh/src/overlays/actors/ovl_En_Zl3/z_en_zl3.c
func_80B56090	EnZl3_SetupAction16OnAnimDone	GUESS	called from EnZl3_Action17 with the EnZl3_UpdateSkelAnime result: when the cue has not moved on, returns to action 16 on the gZelda2Anime2Anim_003FF8 animation and forces the cue to 7	soh/src/overlays/actors/ovl_En_Zl3/z_en_zl3.c
func_80B56108	EnZl3_ReturnToAction16OnTextEnd	GUESS	on TEXT_STATE_CLOSING drops the attention flags and returns to action 16	soh/src/overlays/actors/ovl_En_Zl3/z_en_zl3.c
func_80B56160	EnZl3_SetupAction19	HIGH	changes to gZelda2Anime2Anim_0001D8 and sets action = 19	soh/src/overlays/actors/ovl_En_Zl3/z_en_zl3.c
func_80B561A0	EnZl3_SetupAction20	HIGH	changes to gZelda2Anime2Anim_001110 and sets action = 20	soh/src/overlays/actors/ovl_En_Zl3/z_en_zl3.c
func_80B561E0	EnZl3_ChangeAnimOnAnimDone10	GUESS	called from EnZl3_Action20 with the EnZl3_UpdateSkelAnime result: on animation end switch to gZelda2Anime2Anim_0004F4	soh/src/overlays/actors/ovl_En_Zl3/z_en_zl3.c
func_80B56214	EnZl3_OfferTalkNearGanon2	GUESS	the action-20 twin of EnZl3_OfferTalkNearGanon: same 0x7059 textbox and Ganon size test, but moves to action 21 when the player talks	soh/src/overlays/actors/ovl_En_Zl3/z_en_zl3.c
func_80B562F4	EnZl3_ReturnToAction20OnTextEnd	GUESS	on TEXT_STATE_CLOSING drops the attention flags and returns to action 20	soh/src/overlays/actors/ovl_En_Zl3/z_en_zl3.c
func_80B5634C	EnZl3_SetupAction22	HIGH	changes to gZelda2Anime2Anim_002348 and sets action = 22	soh/src/overlays/actors/ovl_En_Zl3/z_en_zl3.c
func_80B5638C	EnZl3_ChangeAnimOnAnimDone11	GUESS	called from EnZl3_Action22 with the EnZl3_UpdateSkelAnime result: on animation end switch to gZelda2Anime2Anim_00210C	soh/src/overlays/actors/ovl_En_Zl3/z_en_zl3.c
func_80B563C0	EnZl3_SetupAction23	HIGH	changes to gZelda2Anime2Anim_002E54 and sets action = 23	soh/src/overlays/actors/ovl_En_Zl3/z_en_zl3.c
func_80B56400	EnZl3_ChangeAnimOnAnimDone12	GUESS	called from EnZl3_Action23 with the EnZl3_UpdateSkelAnime result: on animation end switch to gZelda2Anime2Anim_002710	soh/src/overlays/actors/ovl_En_Zl3/z_en_zl3.c
func_80B56434	EnZl3_SetupAction24	HIGH	changes to gZelda2Anime2Anim_001D8C and sets action = 24	soh/src/overlays/actors/ovl_En_Zl3/z_en_zl3.c
func_80B56474	EnZl3_ChangeAnimOnAnimDone13	GUESS	called from EnZl3_Action24 with the EnZl3_UpdateSkelAnime result: on animation end switch to gZelda2Anime2Anim_0014DC	soh/src/overlays/actors/ovl_En_Zl3/z_en_zl3.c
func_80B564A8	EnZl3_CheckDemoModeInFinal2	HIGH	its own debug string names it: En_Zl3_inFinal2_Check_DemoMode. Dispatches the cue index to the action-7..24 setups, with the sCueDelayTimer path for cue 8	soh/src/overlays/actors/ovl_En_Zl3/z_en_zl3.c
func_80B56658	EnZl3_Action7	HIGH	sActionFuncs[7]	soh/src/overlays/actors/ovl_En_Zl3/z_en_zl3.c
func_80B566AC	EnZl3_Action8	HIGH	sActionFuncs[8]	soh/src/overlays/actors/ovl_En_Zl3/z_en_zl3.c
func_80B5670C	EnZl3_Action9	HIGH	sActionFuncs[9]	soh/src/overlays/actors/ovl_En_Zl3/z_en_zl3.c
func_80B5676C	EnZl3_Action10	HIGH	sActionFuncs[10]	soh/src/overlays/actors/ovl_En_Zl3/z_en_zl3.c
func_80B567CC	EnZl3_Action11	HIGH	sActionFuncs[11]	soh/src/overlays/actors/ovl_En_Zl3/z_en_zl3.c
func_80B5682C	EnZl3_Action12	HIGH	sActionFuncs[12]	soh/src/overlays/actors/ovl_En_Zl3/z_en_zl3.c
func_80B568B4	EnZl3_Action13	HIGH	sActionFuncs[13]	soh/src/overlays/actors/ovl_En_Zl3/z_en_zl3.c
func_80B5691C	EnZl3_Action14	HIGH	sActionFuncs[14]	soh/src/overlays/actors/ovl_En_Zl3/z_en_zl3.c
func_80B5697C	EnZl3_Action15	HIGH	sActionFuncs[15]	soh/src/overlays/actors/ovl_En_Zl3/z_en_zl3.c
func_80B569E4	EnZl3_Action16	HIGH	sActionFuncs[16]	soh/src/overlays/actors/ovl_En_Zl3/z_en_zl3.c
func_80B56A68	EnZl3_Action17	HIGH	sActionFuncs[17]	soh/src/overlays/actors/ovl_En_Zl3/z_en_zl3.c
func_80B56AE0	EnZl3_Action18	HIGH	sActionFuncs[18]	soh/src/overlays/actors/ovl_En_Zl3/z_en_zl3.c
func_80B56B54	EnZl3_Action19	HIGH	sActionFuncs[19]	soh/src/overlays/actors/ovl_En_Zl3/z_en_zl3.c
func_80B56BA8	EnZl3_Action20	HIGH	sActionFuncs[20]	soh/src/overlays/actors/ovl_En_Zl3/z_en_zl3.c
func_80B56C24	EnZl3_Action21	HIGH	sActionFuncs[21]	soh/src/overlays/actors/ovl_En_Zl3/z_en_zl3.c
func_80B56C84	EnZl3_Action22	HIGH	sActionFuncs[22]	soh/src/overlays/actors/ovl_En_Zl3/z_en_zl3.c
func_80B56CE4	EnZl3_Action23	HIGH	sActionFuncs[23]	soh/src/overlays/actors/ovl_En_Zl3/z_en_zl3.c
func_80B56D44	EnZl3_Action24	HIGH	sActionFuncs[24]	soh/src/overlays/actors/ovl_En_Zl3/z_en_zl3.c
func_80B56DA4	EnZl3_PlayZeldaPowerSfx	HIGH	Sfx_PlaySfxCentered2 of NA_SE_EV_ZELDA_POWER	soh/src/overlays/actors/ovl_En_Zl3/z_en_zl3.c
func_80B56DC8	EnZl3_PlayPainSfx3	HIGH	a third Sfx_PlaySfxAtPos of NA_SE_VO_Z1_PAIN, identical to EnZl3_PlayPainSfx but called from the collapse-escape logic	soh/src/overlays/actors/ovl_En_Zl3/z_en_zl3.c
func_80B56DEC	EnZl3_PlayOpenDoorSfxOnFrame9	HIGH	plays NA_SE_VO_Z1_OPENDOOR when the once-through animation reaches frame 9	soh/src/overlays/actors/ovl_En_Zl3/z_en_zl3.c
func_80B56E38	EnZl3_PlayWalkSfx	HIGH	on animation frames 0 and 6, while grounded, plays the 0x800 surface-dependent footstep from SurfaceType_GetSfx	soh/src/overlays/actors/ovl_En_Zl3/z_en_zl3.c
func_80B56EB8	EnZl3_SetSwitchFlag	HIGH	Flags_SetSwitch of the flag EnZl3_GetSwitchFlagIndex decodes from params	soh/src/overlays/actors/ovl_En_Zl3/z_en_zl3.c
func_80B56EE4	EnZl3_GetSwitchFlag	HIGH	Flags_GetSwitch of the flag EnZl3_GetSwitchFlagIndex decodes from params	soh/src/overlays/actors/ovl_En_Zl3/z_en_zl3.c
func_80B56F10	EnZl3_GetPathInfo	HIGH	its own debug string names it: En_Zl3_Get_path_info. Indexes play->setupPathList by EnZl3_GetPathIndex and caches the path and its point count	soh/src/overlays/actors/ovl_En_Zl3/z_en_zl3.c
func_80B56F8C	EnZl3_PathHasPoint	GUESS	returns whether the cached path point count exceeds the given index -- the bounds test every other path helper goes through	soh/src/overlays/actors/ovl_En_Zl3/z_en_zl3.c
func_80B56FAC	EnZl3_GetPathPoint	HIGH	returns the indexed Vec3s of the cached path, or NULL when the path is absent or the index is past its end	soh/src/overlays/actors/ovl_En_Zl3/z_en_zl3.c
func_80B57034	EnZl3_GetYawBetweenPathPoints	HIGH	Math_FAtan2F of the xz delta between two path points, in binary angle units	soh/src/overlays/actors/ovl_En_Zl3/z_en_zl3.c
func_80B57104	EnZl3_GetYawToPathPoint	HIGH	Math_FAtan2F of the xz delta from the actor position to the indexed path point	soh/src/overlays/actors/ovl_En_Zl3/z_en_zl3.c
func_80B571A8	EnZl3_GetYawAlongPathSegment	GUESS	the heading of the segment from the current waypoint to the next, falling back to the current shape.rot.y at the end of the path	soh/src/overlays/actors/ovl_En_Zl3/z_en_zl3.c
func_80B571FC	EnZl3_GetYawToCurrentPathPoint	GUESS	the heading from the actor to the current waypoint, falling back to the current shape.rot.y when that waypoint does not exist	soh/src/overlays/actors/ovl_En_Zl3/z_en_zl3.c
func_80B57240	EnZl3_StepYawToCurrentPathPoint	GUESS	Math_SmoothStepToS-es world.rot.y towards EnZl3_GetYawToCurrentPathPoint and mirrors it into shape.rot.y	soh/src/overlays/actors/ovl_En_Zl3/z_en_zl3.c
func_80B57298	EnZl3_StepYawAlongPathSegment	GUESS	Math_SmoothStepToS-es world.rot.y towards EnZl3_GetYawAlongPathSegment and mirrors it into shape.rot.y	soh/src/overlays/actors/ovl_En_Zl3/z_en_zl3.c
func_80B572F0	EnZl3_GetTextIdForScene	HIGH	returns 0x71A8, 0x71A9 or 0x71AB according to which of the two collapse scenes is loaded	soh/src/overlays/actors/ovl_En_Zl3/z_en_zl3.c
func_80B57324	EnZl3_ProcessTalkRequest	HIGH	Actor_ProcessTalkRequest normalized to 0/1	soh/src/overlays/actors/ovl_En_Zl3/z_en_zl3.c
func_80B57350	EnZl3_OfferTalk	HIGH	while the player is within 0x4300 of the facing direction, sets the attention/friendly flags and offers the EnZl3_GetTextIdForScene textbox	soh/src/overlays/actors/ovl_En_Zl3/z_en_zl3.c
func_80B573C8	EnZl3_IsTextClosing	HIGH	Message_GetState == TEXT_STATE_CLOSING, normalized to 0/1	soh/src/overlays/actors/ovl_En_Zl3/z_en_zl3.c
func_80B573FC	EnZl3_IsPlayerWithin	HIGH	squared xz distance to the player against the squared radius argument	soh/src/overlays/actors/ovl_En_Zl3/z_en_zl3.c
func_80B57458	EnZl3_IsPlayerAhead	GUESS	true when the player sits within 0x1555 of the current path-segment heading, or within 0x4000 of it and closer than 150 units -- the test for whether the player has got in front of Zelda	soh/src/overlays/actors/ovl_En_Zl3/z_en_zl3.c
func_80B57564	EnZl3_ShouldWaitForPlayer	GUESS	true when the player is within 50 units or EnZl3_IsPlayerAhead; the condition that stops Zelda walking on	soh/src/overlays/actors/ovl_En_Zl3/z_en_zl3.c
func_80B575B0	EnZl3_IsPlayerWithin150	HIGH	EnZl3_IsPlayerWithin with a radius of 150	soh/src/overlays/actors/ovl_En_Zl3/z_en_zl3.c
func_80B575D0	EnZl3_IsPlayerWithin50	HIGH	EnZl3_IsPlayerWithin with a radius of 50	soh/src/overlays/actors/ovl_En_Zl3/z_en_zl3.c
func_80B575F0	EnZl3_IsAtStalfosWaypoint	GUESS	true for switch flag 0x26 in the tower interior at waypoint 1 -- the one spot where the Stalfos ambush is staged	soh/src/overlays/actors/ovl_En_Zl3/z_en_zl3.c
func_80B5764C	EnZl3_PlayWaypointCutscene	GUESS	fires OnePointCutscene 1000 when the next waypoint would be 1 at the same interior/flag-0x26 spot EnZl3_IsAtStalfosWaypoint tests	soh/src/overlays/actors/ovl_En_Zl3/z_en_zl3.c
func_80B576C8	EnZl3_ShouldStageStalfosAmbush	GUESS	EnZl3_IsAtStalfosWaypoint and the unk_3D8 once-only latch still clear	soh/src/overlays/actors/ovl_En_Zl3/z_en_zl3.c
func_80B57704	EnZl3_SetRotZSwitchFlag	GUESS	Flags_SetSwitch of unk_3C4, the flag stashed out of the spawn rot.z at init	soh/src/overlays/actors/ovl_En_Zl3/z_en_zl3.c
func_80B5772C	EnZl3_UnsetRotZSwitchFlag	GUESS	Flags_UnsetSwitch of the same unk_3C4 flag EnZl3_SetRotZSwitchFlag sets	soh/src/overlays/actors/ovl_En_Zl3/z_en_zl3.c
func_80B57754	EnZl3_SpawnMagicWipe	GUESS	while no magic effect is running, spawns ACTOR_OCEFF_WIPE4 at the actor and plays the Zelda-power cue	soh/src/overlays/actors/ovl_En_Zl3/z_en_zl3.c
func_80B577BC	EnZl3_SpawnStalfosAt	HIGH	spawns ACTOR_EN_TEST facing the player at the given position, behind the VB_ADULT_ZELDA_SPAWN_STALFOS_IN_COLLAPSE hook	soh/src/overlays/actors/ovl_En_Zl3/z_en_zl3.c
func_80B57858	EnZl3_SpawnStalfosPair	HIGH	two EnZl3_SpawnStalfosAt calls, at sStalfosSpawnPos0 and sStalfosSpawnPos1	soh/src/overlays/actors/ovl_En_Zl3/z_en_zl3.c
func_80B57890	EnZl3_IsAtExpectedSpawn	GUESS	the per-scene table pairing each switch-flag index with the play->curSpawn entrance it belongs to; decides whether this copy of Zelda should exist at all	soh/src/overlays/actors/ovl_En_Zl3/z_en_zl3.c
func_80B57A74	EnZl3_DisableCollapseSpawners	HIGH	sets collapseSpawnerInactive on every EnEncount2; carries the upstream bug note that the search walks ACTORCAT_PROP while EnEncount2 lives in ACTORCAT_ENEMY	soh/src/overlays/actors/ovl_En_Zl3/z_en_zl3.c
func_80B57AAC	EnZl3_ChangeToAnimOnAnimDone	GUESS	the parameterised form of the ChangeAnimOnAnimDone helpers: on animation end changes to whichever animation the caller passes	soh/src/overlays/actors/ovl_En_Zl3/z_en_zl3.c
func_80B57AE0	EnZl3_SetupNextPathSegment	GUESS	advances unk_314 to the next waypoint, records the start position, reads the target from the path (or projects 200 units ahead when the path runs out) and derives the frame count from the distance	soh/src/overlays/actors/ovl_En_Zl3/z_en_zl3.c
func_80B57C54	EnZl3_HasReachedPathTarget	GUESS	the walk frame counter unk_344 has reached the segment length unk_346 computed by EnZl3_SetupNextPathSegment	soh/src/overlays/actors/ovl_En_Zl3/z_en_zl3.c
func_80B57C7C	EnZl3_ReturnTrue	HIGH	returns 1 unconditionally, ignoring both arguments -- a stubbed-out condition in EnZl3_StartEndingIfPlayerClose	soh/src/overlays/actors/ovl_En_Zl3/z_en_zl3.c
func_80B57C8C	EnZl3_IsOnLastPathSegment	GUESS	true when the path has no waypoint two ahead of the current one	soh/src/overlays/actors/ovl_En_Zl3/z_en_zl3.c
func_80B57CB4	EnZl3_WalkAlongPathSegment	GUESS	advances unk_344 and Environment_LerpWeightAccelDecel-s the position from unk_348 to unk_354 over the segment	soh/src/overlays/actors/ovl_En_Zl3/z_en_zl3.c
func_80B57D60	EnZl3_UpdatePathYaw	GUESS	the PlayState-taking wrapper the action handlers call, forwarding to EnZl3_StepYawToCurrentPathPoint	soh/src/overlays/actors/ovl_En_Zl3/z_en_zl3.c
func_80B57D80	EnZl3_TrackPathPoint	GUESS	aims the NpcInteractInfo tracking at a point on the current path heading rather than at the player, snaps shape.rot.y once the error drops under 0x320, and returns the remaining error	soh/src/overlays/actors/ovl_En_Zl3/z_en_zl3.c
func_80B57EAC	EnZl3_OfferTalkOnPath	GUESS	the action-25 body: a talk request moves to action 26, otherwise it keeps offering the scene textbox	soh/src/overlays/actors/ovl_En_Zl3/z_en_zl3.c
func_80B57EEC	EnZl3_ResumeEscapeOnTextEnd	GUESS	the action-26 body: on TEXT_STATE_CLOSING returns to the escape idle, action 27	soh/src/overlays/actors/ovl_En_Zl3/z_en_zl3.c
func_80B57F1C	EnZl3_StartWalkWhenFacingPath	GUESS	the action-27 body: once EnZl3_TrackPathPoint reports Zelda has turned onto the path, starts the walk animation, action 34, and sets up the segment	soh/src/overlays/actors/ovl_En_Zl3/z_en_zl3.c
func_80B57F84	EnZl3_StartEndingIfPlayerClose	GUESS	when the player is within 50 units and not in a cutscene, starts the ending animation, action 36, and disables the collapse spawners	soh/src/overlays/actors/ovl_En_Zl3/z_en_zl3.c
func_80B58014	EnZl3_UpdateEscapeIdle	GUESS	the action-28 body and the hub of the collapse escape: routes to talking (29), the ending (36), the Stalfos ambush (0x1F), walking on (34) or the hurt reaction (30)	soh/src/overlays/actors/ovl_En_Zl3/z_en_zl3.c
func_80B58214	EnZl3_ReturnToEscapeIdleOnTextEnd	GUESS	the action-29 body: on TEXT_STATE_CLOSING returns to the escape idle, action 28	soh/src/overlays/actors/ovl_En_Zl3/z_en_zl3.c
func_80B58268	EnZl3_ReturnToEscapeIdleWhenPlayerSafe	GUESS	the action-30 body: once the player is neither invincible nor falling far, returns to the escape idle, action 28	soh/src/overlays/actors/ovl_En_Zl3/z_en_zl3.c
func_80B582C8	EnZl3_RunStalfosAmbushCutscene	GUESS	the action-0x1F body: a unk_3CC frame timeline that swaps animations, sets the switch flag, spawns the Stalfos pair, finishes the camera and hands over to action 32	soh/src/overlays/actors/ovl_En_Zl3/z_en_zl3.c
func_80B584B4	EnZl3_WaitForStalfosDefeated	GUESS	the action-32 body: waits until Actor_FindNearby reports no enemy within 8000 units, swapping the cowering animation in and out via sReactingToPlayerHurt, then starts cutscene 4011 and action 33	soh/src/overlays/actors/ovl_En_Zl3/z_en_zl3.c
func_80B58624	EnZl3_RunStalfosClearedCutscene	GUESS	the action-33 body: a unk_3CC frame timeline that clears the switch flag, shows textbox 0x71AC, drops five collectibles and returns to action 28	soh/src/overlays/actors/ovl_En_Zl3/z_en_zl3.c
func_80B5884C	EnZl3_SetupAction37	HIGH	changes to gZelda2Anime2Anim_0038C0, sets action = 37 and the unk_36C once-only latch	soh/src/overlays/actors/ovl_En_Zl3/z_en_zl3.c
func_80B58898	EnZl3_SetupAction38	HIGH	changes to gZelda2Anime2Anim_0038C0 played in reverse, sets action = 38 and the unk_374 once-only latch	soh/src/overlays/actors/ovl_En_Zl3/z_en_zl3.c
func_80B588E8	EnZl3_SetupAction39	HIGH	changes to gZelda2Anime2Anim_009BE4, sets up the next path segment and sets action = 39	soh/src/overlays/actors/ovl_En_Zl3/z_en_zl3.c
func_80B58938	EnZl3_ReturnToIdleAtPathTarget	GUESS	when EnZl3_HasReachedPathTarget fires, stops on the idle animation at action 28 and reports it	soh/src/overlays/actors/ovl_En_Zl3/z_en_zl3.c
func_80B5899C	EnZl3_ReactToPlayerHurtOnGround	GUESS	while grounded, an invincible or hard-falling player swaps in the reaction animation at action 35	soh/src/overlays/actors/ovl_En_Zl3/z_en_zl3.c
func_80B58A1C	EnZl3_UpdateWalking	GUESS	the action-34 body: EnZl3_ReturnToIdleAtPathTarget first, and only if it did not fire does the hurt reaction get a chance	soh/src/overlays/actors/ovl_En_Zl3/z_en_zl3.c
func_80B58A50	EnZl3_ResumeWalkWhenPlayerSafe	GUESS	the action-35 body: once the player is neither invincible nor falling far, resumes the walk animation at action 34	soh/src/overlays/actors/ovl_En_Zl3/z_en_zl3.c
func_80B58AAC	EnZl3_RunEndingSequence	GUESS	the action-36..38 body: a unk_2EC frame timeline that fires the magic wipe, sets the switch flag and steps through actions 37, 38 and 39	soh/src/overlays/actors/ovl_En_Zl3/z_en_zl3.c
func_80B58C08	EnZl3_FadeOutAlongPath	GUESS	the action-39 body: walks the last segment while fading alpha out over the final kREG(11)+2 frames, switching to draw config 2, then kills the actor	soh/src/overlays/actors/ovl_En_Zl3/z_en_zl3.c
func_80B58D50	EnZl3_Action25	HIGH	sActionFuncs[25]	soh/src/overlays/actors/ovl_En_Zl3/z_en_zl3.c
func_80B58DB0	EnZl3_Action26	HIGH	sActionFuncs[26]	soh/src/overlays/actors/ovl_En_Zl3/z_en_zl3.c
func_80B58E10	EnZl3_Action27	HIGH	sActionFuncs[27]	soh/src/overlays/actors/ovl_En_Zl3/z_en_zl3.c
func_80B58E7C	EnZl3_Action28	HIGH	sActionFuncs[28]	soh/src/overlays/actors/ovl_En_Zl3/z_en_zl3.c
func_80B58EF4	EnZl3_Action29	HIGH	sActionFuncs[29]	soh/src/overlays/actors/ovl_En_Zl3/z_en_zl3.c
func_80B58F6C	EnZl3_Action30	HIGH	sActionFuncs[30]	soh/src/overlays/actors/ovl_En_Zl3/z_en_zl3.c
func_80B58FDC	EnZl3_Action31	HIGH	sActionFuncs[31]	soh/src/overlays/actors/ovl_En_Zl3/z_en_zl3.c
func_80B5904C	EnZl3_Action32	HIGH	sActionFuncs[32]	soh/src/overlays/actors/ovl_En_Zl3/z_en_zl3.c
func_80B590BC	EnZl3_Action33	HIGH	sActionFuncs[33]	soh/src/overlays/actors/ovl_En_Zl3/z_en_zl3.c
func_80B5912C	EnZl3_Action34	HIGH	sActionFuncs[34]	soh/src/overlays/actors/ovl_En_Zl3/z_en_zl3.c
func_80B591BC	EnZl3_Action35	HIGH	sActionFuncs[35]	soh/src/overlays/actors/ovl_En_Zl3/z_en_zl3.c
func_80B5922C	EnZl3_Action36	HIGH	sActionFuncs[36]	soh/src/overlays/actors/ovl_En_Zl3/z_en_zl3.c
func_80B592A8	EnZl3_Action37	HIGH	sActionFuncs[37]	soh/src/overlays/actors/ovl_En_Zl3/z_en_zl3.c
func_80B59340	EnZl3_Action38	HIGH	sActionFuncs[38]	soh/src/overlays/actors/ovl_En_Zl3/z_en_zl3.c
func_80B593D0	EnZl3_Action39	HIGH	sActionFuncs[39]	soh/src/overlays/actors/ovl_En_Zl3/z_en_zl3.c
func_80B59698	EnZl3_ShouldStartCollapseEscape	GUESS	switch 0x37 set, one of the four collapse/boss scenes loaded, flag index 0x20 at spawn 0, and the sub-timer expired or off	soh/src/overlays/actors/ovl_En_Zl3/z_en_zl3.c
func_80B59768	EnZl3_ShouldPlayRevengeSfx	GUESS	the same test as EnZl3_ShouldStartCollapseEscape without the SUBTIMER_STATE_OFF allowance, so it fires only when the timer actually ran out	soh/src/overlays/actors/ovl_En_Zl3/z_en_zl3.c
func_80B59828	EnZl3_InitInCollapse	GUESS	the type-3 init: if this copy belongs at this entrance it faces down the path at action 28, otherwise it kills itself; on a genuine timer expiry it also restarts the timer, refills health and magic and clears the per-waypoint switch flags	soh/src/overlays/actors/ovl_En_Zl3/z_en_zl3.c
func_80B59A80	EnZl3_PlayRevengeSfx	GUESS	plays NA_SE_OC_REVENGE when EnZl3_ShouldPlayRevengeSfx fires; called from EnZl3_Init for type 3	soh/src/overlays/actors/ovl_En_Zl3/z_en_zl3.c
func_80B59AD0	EnZl3_StartCollapseEscape	GUESS	sets switch 0x36, starts the 180-second sub-timer, spawns the EnEg and river sound, reads the path, refills health and magic and enters action 27	soh/src/overlays/actors/ovl_En_Zl3/z_en_zl3.c
func_80B59B6C	EnZl3_InitByType	GUESS	caches the seven animation lengths the hair springs need, then dispatches EnZl3_GetType to the inFinal, inFinal2 or collapse init	soh/src/overlays/actors/ovl_En_Zl3/z_en_zl3.c
func_80B59DB8	EnZl3_Action0	HIGH	sActionFuncs[0]: waits for OBJECT_ZL2_ANIME2 to load, then points the segment at it and runs EnZl3_InitByType	soh/src/overlays/actors/ovl_En_Zl3/z_en_zl3.c
func_80B59FE8	EnZl3_DrawNothing	HIGH	sDrawFuncs[0]: an empty body	soh/src/overlays/actors/ovl_En_Zl3/z_en_zl3.c
func_80B59FF4	EnZl3_DrawOpa	HIGH	sDrawFuncs[1]: SkelAnime_DrawFlex into POLY_OPA_DISP after Gfx_SetupDL_25Opa	soh/src/overlays/actors/ovl_En_Zl3/z_en_zl3.c
func_80B5A1D0	EnZl3_DrawXlu	HIGH	sDrawFuncs[2]: SkelAnime_DrawFlex into POLY_XLU_DISP after Gfx_SetupDL_25Xlu, using this->alpha	soh/src/overlays/actors/ovl_En_Zl3/z_en_zl3.c
